{
  "global.d.ts": 1758936010.0618446,
  "middleware.ts": 1758936010.072146,
  "next-env.d.ts": 1758936099.733675,
  "next.config.ts": 1758936010.072146,
  "app/page.tsx": 1758936010.0427785,
  "app/layout.tsx": 1775546599.7092304,
  "app/api/ai-chat/route.ts": 1775495015.8509927,
  "app/api/create-interview/route.ts": 1761053463.478268,
  "app/api/generate-report/route.ts": 1775495018.0013888,
  "app/api/interview/[id]/route.ts": 1758936010.0427785,
  "app/api/interview-session/route.ts": 1761053335.3762085,
  "app/api/process-job/route.ts": 1775495217.9165938,
  "app/api/process-resume/route.ts": 1775548289.50483,
  "app/api/upload-resume/route.ts": 1775546507.3411183,
  "app/api/user-profile/route.ts": 1758936010.0427785,
  "app/interview/new/page.tsx": 1775548289.5058274,
  "app/interview/[id]/page.tsx": 1775493125.5256846,
  "app/report/[id]/page.tsx": 1772772608.2448988,
  "app/test-speech/page.tsx": 1775543062.9270096,
  "components/demos-section.tsx": 1761055847.7752817,
  "components/features-section.tsx": 1758936010.0585842,
  "components/footer.tsx": 1761104073.36408,
  "components/hero-section.tsx": 1758936010.0585842,
  "components/interview-complete.tsx": 1758936010.0585842,
  "components/interview-report.tsx": 1761054214.2579153,
  "components/interview.tsx": 1775494227.0587375,
  "components/loading-skeleton.tsx": 1758936010.0585842,
  "components/mentors.tsx": 1775487851.228565,
  "components/navbar.tsx": 1758936010.0618446,
  "components/section-heading.tsx": 1758936010.0618446,
  "components/theme-provider.tsx": 1758936010.0618446,
  "components/logic/index.ts": 1775493048.6475337,
  "components/logic/VoiceInterviewContext.tsx": 1775493045.7428582,
  "components/logic/useVoiceInterview.ts": 1775494209.4605792,
  "components/magicui/marquee.tsx": 1758936010.0618446,
  "components/ui/alert-dialog.tsx": 1758936010.0618446,
  "components/ui/avatar.tsx": 1758936010.0618446,
  "components/ui/badge.tsx": 1758936010.0618446,
  "components/ui/button.tsx": 1758936010.0618446,
  "components/ui/card.tsx": 1758936010.0618446,
  "components/ui/input.tsx": 1758936010.0618446,
  "components/ui/progress.tsx": 1758936010.0618446,
  "components/ui/scroll-area.tsx": 1758936010.0618446,
  "components/ui/separator.tsx": 1758936010.0618446,
  "lib/appConfig.ts": 1758936010.0618446,
  "lib/appwrite.ts": 1758936010.0618446,
  "lib/mongodb.ts": 1761052256.6257665,
  "lib/utils.ts": 1758936010.072146,
  "lib/models/Interview.ts": 1761053799.362446,
  "lib/models/InterviewReport.ts": 1761053806.2394164,
  "lib/models/InterviewSession.ts": 1761053802.8144257,
  "lib/models/User.ts": 1761053515.3337114,
  "model/new.py": 1772772433.577446,
  "hooks/useSpeechToText.ts": 1775543078.8431506,
  "hooks/useTextToSpeech.ts": 1775547009.441422,
  "ENHANCED_INSIGHTS_SETUP.md": 1758938858.5005019,
  "GEMINI_SETUP.md": 1758936010.0427785,
  "README.md": 1775494605.63939,
  "STRICT_SCORING_UPDATE.md": 1758939678.9586282,
  "QUICK_START_SPEECH_TEST.md": 1775539034.3881495,
  "SPEECH_API_TESTING.md": 1775539288.6642792,
  "model/requirements.txt": 1775470044.0013652,
  "public/cover.png": 1758936010.074687,
  "public/mockmentor.gif": 1758936010.2022302,
  "public/demos/aditya.png": 1758936010.1022706,
  "public/demos/arjun.png": 1758936010.11192,
  "public/demos/Dinojan.png": 1758936010.0903783,
  "public/demos/issac.png": 1758936010.121938,
  "public/demos/jaffar.png": 1758936010.1377726,
  "public/demos/jonathan.png": 1758936010.1519506,
  "public/demos/nehtteen.png": 1758936010.1622746,
  "public/demos/sai.png": 1758936010.181867,
  "public/demos/Shivam.png": 1758936010.1919944,
  "public/mentors/Bryan_IT_Sitting_public.webp": 1758936010.1919944,
  "public/mentors/Elenora_IT_Sitting_public.webp": 1758936010.1919944,
  "public/mentors/Judy_Teacher_Sitting_public.webp": 1758936010.1919944,
  "public/mentors/June_HR_public.webp": 1758936010.1919944,
  "public/mentors/SilasHR_public.webp": 1758936010.1919944,
  "public/mentors/Wayne_20240711.webp": 1758936010.1919944
}